DateTime,Thermal Generation (MWh),Renewables Curtailment (MWh),Storage Charging (MWh),Storage Discharging (MWh),Storage SOC (MWh)
2020-07-01T00:00:00.0,3197.4337718773704,0.0,0.0,0.0,0.0
2020-07-01T01:00:00.0,2691.597084452098,0.0,0.0,0.0,0.0
2020-07-01T02:00:00.0,2278.185316356136,0.0,0.0,0.0,0.0
2020-07-01T03:00:00.0,2172.6666659690004,0.0,7.059109133501029,0.0,7.059109133501029
2020-07-01T04:00:00.0,2173.999999169,0.0,121.55880721981427,0.0,128.6179163533153
2020-07-01T05:00:00.0,2169.999999169,0.0,386.81214263353667,0.0,515.4300589868519
2020-07-01T06:00:00.0,2173.999999169,15.199999999999818,818.0561051268945,0.0,1333.4861641137466
2020-07-01T07:00:00.0,2169.999999169,76.20000000000005,166.51383588625345,0.0,1500.0
2020-07-01T08:00:00.0,2381.924623756735,111.89999999999986,0.0,0.0,1500.0
2020-07-01T09:00:00.0,2971.078381100375,133.0999999999999,0.0,0.0,1500.0
2020-07-01T10:00:00.0,3256.9366993106223,147.40000000000032,0.0,0.0,1500.0
2020-07-01T11:00:00.0,3727.4772407195683,152.99999999999977,0.0,0.0,1500.0
2020-07-01T12:00:00.0,4168.333333928,150.4999999999999,0.0,6.003073651142277,1493.9969263488579
2020-07-01T13:00:00.0,4181.07564096628,137.20000000000005,6.003073651142188,0.0,1500.0
2020-07-01T14:00:00.0,4566.899072462339,118.79999999999984,0.0,0.0,1500.0
2020-07-01T15:00:00.0,4524.509271200593,28.799999999999955,0.0,0.0,1500.0
2020-07-01T16:00:00.0,4751.4249113314645,0.0,0.0,0.0,1500.0
2020-07-01T17:00:00.0,4785.3333334,0.0,0.0,241.4293304361106,1258.5706695638894
2020-07-01T18:00:00.0,4785.3333334,0.0,0.0,493.1681153730611,765.4025541908284
2020-07-01T19:00:00.0,4821.2821398296,0.0,0.0,500.0,265.40255419082837
2020-07-01T20:00:00.0,4770.495310127615,0.0,0.0,265.40255419082837,0.0
2020-07-01T21:00:00.0,4766.721663998688,0.0,0.0,0.0,0.0
2020-07-01T22:00:00.0,4466.106414816842,0.0,0.0,0.0,0.0
2020-07-01T23:00:00.0,3896.8318156229207,0.0,0.0,0.0,0.0
2020-07-02T00:00:00.0,2944.5692702370743,0.0,0.0,0.0,0.0
2020-07-02T01:00:00.0,2204.6666658410004,0.0,115.63333872072961,0.0,115.63333872072961
2020-07-02T02:00:00.0,2204.6666658410004,0.0,452.00907375842183,0.0,567.6424124791515
2020-07-02T03:00:00.0,2194.350943129244,0.0,482.58846208409557,0.0,1050.230874563247
2020-07-02T04:00:00.0,2189.3333325050003,0.0,449.7691254367529,0.0,1500.0
2020-07-02T05:00:00.0,2438.939902210407,0.0,0.0,0.0,1500.0
2020-07-02T06:00:00.0,2583.666665857,0.0,0.0,10.89150470129936,1489.1084952987005
2020-07-02T07:00:00.0,2640.517856579617,0.0,10.891504701299404,0.0,1500.0
2020-07-02T08:00:00.0,2735.926262167938,110.60000000000014,0.0,0.0,1500.0
2020-07-02T09:00:00.0,2947.1936525417095,0.0,0.0,0.0,1500.0
2020-07-02T10:00:00.0,3414.2256696725844,0.0,0.0,0.0,1500.0
2020-07-02T11:00:00.0,3765.1087844319422,0.0,0.0,0.0,1500.0
2020-07-02T12:00:00.0,4188.993354284744,0.0,0.0,0.0,1500.0
2020-07-02T13:00:00.0,4335.633605502027,0.0,0.0,0.0,1500.0
2020-07-02T14:00:00.0,4599.8500239087125,9.5,0.0,0.0,1500.0
2020-07-02T15:00:00.0,4865.001962616834,16.199999999999818,0.0,0.0,1500.0
2020-07-02T16:00:00.0,4946.871410985375,0.0,0.0,120.57790510119446,1379.4220948988054
2020-07-02T17:00:00.0,5279.3333336,0.0,0.0,405.19349915951926,974.2285957392862
2020-07-02T18:00:00.0,5309.138703353094,0.0,0.0,500.0,474.2285957392863
2020-07-02T19:00:00.0,5279.3333336,0.0,0.0,474.2285957392863,0.0
2020-07-02T20:00:00.0,5257.944388610585,0.0,0.0,0.0,0.0
2020-07-02T21:00:00.0,4708.637917386532,0.0,0.0,0.0,0.0
2020-07-02T22:00:00.0,4453.172449424485,0.0,0.0,0.0,0.0
2020-07-02T23:00:00.0,4133.526699326265,0.0,0.0,0.0,0.0
2020-07-03T00:00:00.0,3874.950960143894,0.0,0.0,0.0,0.0
2020-07-03T01:00:00.0,3618.8650590338616,0.0,0.0,0.0,0.0
2020-07-03T02:00:00.0,3511.38025847546,0.0,0.0,0.0,0.0
2020-07-03T03:00:00.0,3511.333332526,0.0,7.776365153275555,0.0,7.776365153275555
2020-07-03T04:00:00.0,3496.0149030184934,0.0,0.0,7.776365153275555,0.0
2020-07-03T05:00:00.0,3215.9152294415803,0.0,137.22133310906787,0.0,137.22133310906787
2020-07-03T06:00:00.0,3178.9999991739996,13.799999999999955,476.2832853255541,0.0,613.504618434622
2020-07-03T07:00:00.0,3209.9999991739996,74.59999999999968,486.02270294249007,0.0,1099.527321377112
2020-07-03T08:00:00.0,3209.9999991739996,110.80000000000018,275.8868909844337,0.0,1375.4142123615459
2020-07-03T09:00:00.0,3194.3333325099998,132.9000000000001,124.58578763845418,0.0,1500.0
2020-07-03T10:00:00.0,3235.2450387871318,147.70000000000005,0.0,0.0,1500.0
2020-07-03T11:00:00.0,3586.743526551265,153.79999999999995,0.0,0.0,1500.0
2020-07-03T12:00:00.0,3914.507058074495,0.0,0.0,0.0,1500.0
2020-07-03T13:00:00.0,4479.3143397637705,0.0,0.0,0.0,1500.0
2020-07-03T14:00:00.0,4875.727251030279,0.0,0.0,57.91405565637575,1442.0859443436243
2020-07-03T15:00:00.0,4924.3333336,0.0,57.914055656375666,0.0,1500.0
2020-07-03T16:00:00.0,5202.0,0.0,0.0,43.31003297401828,1456.6899670259818
2020-07-03T17:00:00.0,5202.0,0.0,0.0,385.50965512121707,1071.1803119047647
2020-07-03T18:00:00.0,5190.471285654,0.0,0.0,500.0,571.1803119047646
2020-07-03T19:00:00.0,5202.0,0.0,0.0,337.4227412008537,233.75757070391091
2020-07-03T20:00:00.0,5198.582541631542,0.0,0.0,207.02965461881266,26.727916085098236
2020-07-03T21:00:00.0,5202.0,0.0,0.0,26.727916085098236,0.0
2020-07-03T22:00:00.0,4886.1812168705965,0.0,0.0,0.0,0.0
2020-07-03T23:00:00.0,4311.954082295871,0.0,0.0,0.0,0.0
2020-07-04T00:00:00.0,3769.6971102373373,0.0,0.0,-0.0,0.0
2020-07-04T01:00:00.0,3638.5591691976506,0.0,0.0,-0.0,0.0
2020-07-04T02:00:00.0,3444.0608010971696,0.0,0.0,-0.0,0.0
2020-07-04T03:00:00.0,3377.212609106463,0.0,0.0,-0.0,0.0
2020-07-04T04:00:00.0,3213.254593096912,0.0,0.0,-0.0,0.0
2020-07-04T05:00:00.0,2892.333333448,0.0,168.1880875053238,0.0,168.1880875053238
2020-07-04T06:00:00.0,2861.333333456,0.0,330.32525380572474,0.0,498.5133413110486
2020-07-04T07:00:00.0,2861.333333456,0.0,412.3599325954796,0.0,910.8732739065282
2020-07-04T08:00:00.0,2861.3333334480003,0.0,285.98749419963923,0.0,1196.8607681061674
2020-07-04T09:00:00.0,2890.276223310236,129.89999999999986,218.9579377913633,0.0,1415.8187058975307
2020-07-04T10:00:00.0,2892.3333334480003,145.20000000000027,84.1812941024694,0.0,1500.0
2020-07-04T11:00:00.0,3185.6811411048893,152.09999999999968,0.0,-0.0,1500.0
2020-07-04T12:00:00.0,3585.332545702979,151.19999999999982,0.0,-0.0,1500.0
2020-07-04T13:00:00.0,3941.5681405067994,139.0,0.0,-0.0,1500.0
2020-07-04T14:00:00.0,4212.295592182007,121.89999999999986,0.0,-0.0,1500.0
2020-07-04T15:00:00.0,4480.145815843143,92.89999999999986,0.0,-0.0,1500.0
2020-07-04T16:00:00.0,4937.073810572107,0.0,0.0,-0.0,1500.0
2020-07-04T17:00:00.0,5064.155037990463,0.0,0.0,317.3875539089572,1182.6124460910428
2020-07-04T18:00:00.0,5078.6666668,0.0,0.0,442.2131588050215,740.3992872860213
2020-07-04T19:00:00.0,5078.6666668,0.0,0.0,399.73489701552955,340.66439027049177
2020-07-04T20:00:00.0,5078.6666668,0.0,0.0,238.69492259051927,101.9694676799725
2020-07-04T21:00:00.0,5078.6666668,0.0,0.0,101.9694676799725,0.0
2020-07-04T22:00:00.0,4792.679171776894,0.0,0.0,-0.0,0.0
2020-07-04T23:00:00.0,3944.6598403212274,0.0,0.0,-0.0,0.0
2020-07-05T00:00:00.0,3759.6909211953925,0.0,0.0,-0.0,0.0
2020-07-05T01:00:00.0,3680.464568349627,0.0,0.0,-0.0,0.0
2020-07-05T02:00:00.0,3612.232089863749,0.0,23.45302601651069,0.0,23.45302601651069
2020-07-05T03:00:00.0,3573.000000256,0.0,0.0,23.45302601651069,0.0
2020-07-05T04:00:00.0,3461.104377424224,0.0,0.0,-0.0,0.0
2020-07-05T05:00:00.0,2937.909790344589,0.0,0.0,-0.0,0.0
2020-07-05T06:00:00.0,2830.333333456,11.5,422.071720455315,0.0,422.071720455315
2020-07-05T07:00:00.0,2861.333333456,73.19999999999982,519.9314498971752,0.0,942.0031703524902
2020-07-05T08:00:00.0,2801.419782171782,110.09999999999991,364.17786746350134,0.0,1306.1810378159914
2020-07-05T09:00:00.0,2830.333333456,132.30000000000018,142.40616219383048,0.0,1448.587200009822
2020-07-05T10:00:00.0,2799.3333334480003,147.4000000000001,51.412799990177874,0.0,1500.0
2020-07-05T11:00:00.0,3005.112291719568,154.00000000000023,0.0,-0.0,1500.0
2020-07-05T12:00:00.0,3405.9037756165685,152.20000000000005,0.0,-0.0,1500.0
2020-07-05T13:00:00.0,3767.4220610207344,0.0,0.0,-0.0,1500.0
2020-07-05T14:00:00.0,3930.590554485693,122.19999999999982,0.0,-0.0,1500.0
2020-07-05T15:00:00.0,4310.37704181978,0.0,0.0,-0.0,1500.0
2020-07-05T16:00:00.0,4620.990595338497,0.0,0.0,-0.0,1500.0
2020-07-05T17:00:00.0,4730.858390843197,0.0,0.0,303.07542458874065,1196.9245754112594
2020-07-05T18:00:00.0,4739.333333799999,0.0,0.0,352.808831872583,844.1157435386764
2020-07-05T19:00:00.0,4738.445727710539,0.0,0.0,500.0,344.11574353867644
2020-07-05T20:00:00.0,4677.666667199999,0.0,0.0,344.11574353867644,0.0
2020-07-05T21:00:00.0,4526.796676570637,0.0,0.0,-0.0,0.0
2020-07-05T22:00:00.0,4255.210495858521,0.0,0.0,-0.0,0.0
2020-07-05T23:00:00.0,3669.652942503597,0.0,0.0,-0.0,0.0
2020-07-06T00:00:00.0,3624.457835732691,0.0,0.0,0.0,0.0
2020-07-06T01:00:00.0,3417.443966557354,0.0,0.0,0.0,0.0
2020-07-06T02:00:00.0,3293.6938183189686,0.0,0.0,0.0,0.0
2020-07-06T03:00:00.0,3207.274212171769,0.0,0.0,0.0,0.0
2020-07-06T04:00:00.0,3029.280777781407,0.0,0.0,0.0,0.0
2020-07-06T05:00:00.0,2823.6666661480003,0.0,137.67277825708553,0.0,137.67277825708553
2020-07-06T06:00:00.0,2838.999999484,0.0,394.2798012966912,0.0,531.9525795537767
2020-07-06T07:00:00.0,2838.999999484,74.0,512.0199038249613,0.0,1043.9724833787382
2020-07-06T08:00:00.0,2836.156111627635,0.0,331.5916947375063,0.0,1375.5641781162444
2020-07-06T09:00:00.0,2838.999999484,0.0,124.43582188375555,0.0,1500.0
2020-07-06T10:00:00.0,2979.163324897163,0.0,0.0,0.0,1500.0
2020-07-06T11:00:00.0,3301.985455864248,0.0,0.0,0.0,1500.0
2020-07-06T12:00:00.0,3531.808533060686,0.0,0.0,23.601251277813162,1476.3987487221868
2020-07-06T13:00:00.0,3589.000000656,0.0,23.601251277813162,0.0,1500.0
2020-07-06T14:00:00.0,3875.0000005279994,0.0,0.0,36.86119988987322,1463.1388001101268
2020-07-06T15:00:00.0,4094.024100779739,91.60000000000025,36.86119988987322,0.0,1500.0
2020-07-06T16:00:00.0,4386.077032455305,45.60000000000002,0.0,0.0,1500.0
2020-07-06T17:00:00.0,4723.6666668,0.0,0.0,21.315180414660606,1478.6848195853395
2020-07-06T18:00:00.0,4667.125627217117,0.0,0.0,351.11960785034347,1127.565211734996
2020-07-06T19:00:00.0,4662.0000002,0.0,0.0,384.42963906164385,743.135572673352
2020-07-06T20:00:00.0,4662.0000002,0.0,0.0,197.3113669380666,545.8242057352854
2020-07-06T21:00:00.0,4307.0000002,0.0,0.0,407.2518937891349,138.5723119461505
2020-07-06T22:00:00.0,4307.0000002,0.0,0.0,138.5723119461505,0.0
2020-07-06T23:00:00.0,3940.725287377502,0.0,0.0,0.0,0.0
2020-07-07T00:00:00.0,3935.3196613853193,0.0,110.70751364559399,0.0,110.70751364559399
2020-07-07T01:00:00.0,3643.3333337279996,0.0,0.0,67.10195138324168,43.60556226235231
2020-07-07T02:00:00.0,3411.666666928,0.0,0.0,43.60556226235231,0.0
2020-07-07T03:00:00.0,3359.549591379496,0.0,0.0,0.0,0.0
2020-07-07T04:00:00.0,3303.938928096647,0.0,0.0,0.0,0.0
2020-07-07T05:00:00.0,2887.9842241267806,0.0,0.0,0.0,0.0
2020-07-07T06:00:00.0,2514.333332847,9.700000000000045,295.1629324331181,0.0,295.1629324331181
2020-07-07T07:00:00.0,2515.351560666452,71.5,501.74706896546945,0.0,796.9100013985876
2020-07-07T08:00:00.0,2545.333332847,108.0,368.5859263306452,0.0,1165.4959277292328
2020-07-07T09:00:00.0,2560.6666661829995,130.10000000000014,250.64853951970827,0.0,1416.144467248941
2020-07-07T10:00:00.0,2560.6666661829995,145.0999999999999,83.85553275105903,0.0,1500.0
2020-07-07T11:00:00.0,2696.0409389810525,151.29999999999995,0.0,0.0,1500.0
2020-07-07T12:00:00.0,2865.404739934331,15.899999999999864,0.0,0.0,1500.0
2020-07-07T13:00:00.0,3079.864470221694,137.29999999999973,0.0,0.0,1500.0
2020-07-07T14:00:00.0,3311.381529315139,36.5,0.0,0.0,1500.0
2020-07-07T15:00:00.0,3324.5328400978556,89.79999999999995,0.0,0.0,1500.0
2020-07-07T16:00:00.0,3473.333333528,42.500000000000114,0.0,208.85288791097807,1291.147112089022
2020-07-07T17:00:00.0,3473.333333528,0.0,0.0,433.25439979417285,857.892712294849
2020-07-07T18:00:00.0,3584.361251004413,0.0,0.0,500.0,357.89271229484905
2020-07-07T19:00:00.0,3457.392537244867,0.0,0.0,357.89271229484905,0.0
2020-07-07T20:00:00.0,3138.320415243322,0.0,0.0,0.0,0.0
2020-07-07T21:00:00.0,2821.559459272284,0.0,15.992687764434876,0.0,15.992687764434876
2020-07-07T22:00:00.0,2831.333333146,0.0,2.364599925252975,0.0,18.35728768968785
2020-07-07T23:00:00.0,2831.333333146,0.0,0.0,18.35728768968785,0.0
2020-07-08T00:00:00.0,2446.7530581112405,0.0,0.0,0.0,0.0
2020-07-08T01:00:00.0,2243.666666167,0.0,44.545771775429934,0.0,44.545771775429934
2020-07-08T02:00:00.0,2243.666666167,0.0,151.70793023587362,0.0,196.25370201130355
2020-07-08T03:00:00.0,2278.7693195432603,0.0,41.075747628722105,0.0,237.32944964002564
2020-07-08T04:00:00.0,2243.666666167,0.0,0.0,237.32944964002564,0.0
2020-07-08T05:00:00.0,2212.666666167,0.0,51.7641966008799,0.0,51.7641966008799
2020-07-08T06:00:00.0,2208.554187766044,0.0,339.24012940591723,0.0,391.00432600679716
2020-07-08T07:00:00.0,2212.666666167,70.0,406.1507738001013,0.0,797.1550998068984
2020-07-08T08:00:00.0,2243.666666167,106.39999999999986,439.6017742278916,0.0,1236.7568740347901
2020-07-08T09:00:00.0,2243.666666167,128.5,259.2767400806946,0.0,1496.0336141154846
2020-07-08T10:00:00.0,2243.666666167,143.00000000000023,3.9663858845154554,0.0,1500.0
2020-07-08T11:00:00.0,2497.7473429180036,149.0999999999999,0.0,0.0,1500.0
2020-07-08T12:00:00.0,2891.543636859472,0.0,0.0,0.0,1500.0
2020-07-08T13:00:00.0,3310.1074670441,0.0,0.0,0.0,1500.0
2020-07-08T14:00:00.0,3341.3875312870014,0.0,0.0,0.0,1500.0
2020-07-08T15:00:00.0,3411.666666928,0.0,0.0,52.50557547354777,1447.4944245264521
2020-07-08T16:00:00.0,3693.8488261751195,0.0,0.0,41.48284797875039,1406.011576547702
2020-07-08T17:00:00.0,3643.3333337279996,0.0,0.0,24.046596797385877,1381.964979750316
2020-07-08T18:00:00.0,3709.9322853151384,0.0,0.0,500.0,881.9649797503158
2020-07-08T19:00:00.0,3894.3603431867846,0.0,0.0,500.0,381.9649797503159
2020-07-08T20:00:00.0,3643.3333337279996,0.0,0.0,320.2405190385529,61.724460711762944
2020-07-08T21:00:00.0,3643.3333337279996,0.0,0.0,61.724460711762944,0.0
2020-07-08T22:00:00.0,2740.8233336505336,0.0,0.0,0.0,0.0
2020-07-08T23:00:00.0,2707.9999995189996,0.0,115.65232098726506,0.0,115.65232098726506
2020-07-09T00:00:00.0,2738.985608661012,0.0,0.0,115.65232098726506,0.0
2020-07-09T01:00:00.0,2659.2552591576996,0.0,0.0,0.0,0.0
2020-07-09T02:00:00.0,2419.406958475198,0.0,0.0,0.0,0.0
2020-07-09T03:00:00.0,2387.2360569770544,0.0,2.022088595299598,0.0,2.022088595299598
2020-07-09T04:00:00.0,2375.666666167,0.0,0.0,2.022088595299598,0.0
2020-07-09T05:00:00.0,2375.666666167,0.0,267.4883223044843,0.0,267.4883223044843
2020-07-09T06:00:00.0,2375.666666167,12.5,564.693535526806,0.0,832.1818578312904
2020-07-09T07:00:00.0,2344.666666167,76.09999999999991,418.86998560644247,0.0,1251.0518434377327
2020-07-09T08:00:00.0,2344.666666167,112.79999999999995,247.66370324899495,0.0,1498.715546686728
2020-07-09T09:00:00.0,2355.991746913517,134.99999999999977,1.284453313272138,0.0,1500.0
2020-07-09T10:00:00.0,2623.1127836072787,149.99999999999977,0.0,0.0,1500.0
2020-07-09T11:00:00.0,2861.7536572146587,156.09999999999968,0.0,0.0,1500.0
2020-07-09T12:00:00.0,3039.858944609537,154.20000000000005,0.0,0.0,1500.0
2020-07-09T13:00:00.0,3273.0000003919995,142.00000000000023,0.0,8.351450621704615,1491.6485493782955
2020-07-09T14:00:00.0,3203.000000392,124.90000000000009,0.0,128.17398951419392,1363.4745598641014
2020-07-09T15:00:00.0,3203.000000392,95.39999999999964,0.0,19.339490236120582,1344.1350696279808
2020-07-09T16:00:00.0,3258.050965000141,48.20000000000027,155.8649303720191,0.0,1500.0
2020-07-09T17:00:00.0,3551.5102559067063,0.0,0.0,141.1342594106909,1358.865740589309
2020-07-09T18:00:00.0,3666.2302480604258,0.0,0.0,500.0,858.8657405893091
2020-07-09T19:00:00.0,3550.6666668639996,0.0,0.0,358.8657405893092,500.0
2020-07-09T20:00:00.0,3580.7075705939983,0.0,0.0,500.0,0.0
2020-07-09T21:00:00.0,3213.244963003466,0.0,0.0,0.0,0.0
2020-07-09T22:00:00.0,2855.2660494804977,0.0,0.0,0.0,0.0
2020-07-09T23:00:00.0,2542.78845107381,0.0,0.0,0.0,0.0
2020-07-10T00:00:00.0,2415.3371656251784,0.0,0.0,0.0,0.0
2020-07-10T01:00:00.0,2243.666666167,0.0,202.22799803239883,0.0,202.22799803239883
2020-07-10T02:00:00.0,2243.666666167,0.0,370.62781586913565,0.0,572.8558139015345
2020-07-10T03:00:00.0,2243.666666167,0.0,0.0,54.373839425263284,518.4819744762711
2020-07-10T04:00:00.0,2243.666666167,0.0,42.398703227105706,0.0,560.8806777033769
2020-07-10T05:00:00.0,2243.666666167,0.0,281.35836364786263,0.0,842.2390413512396
2020-07-10T06:00:00.0,2290.3623107948024,17.5,467.5519663741472,0.0,1309.7910077253869
2020-07-10T07:00:00.0,2243.666666167,82.00000000000023,190.20899227461314,0.0,1500.0
2020-07-10T08:00:00.0,2260.399379861991,118.59999999999991,0.0,0.0,1500.0
2020-07-10T09:00:00.0,2584.394911569849,139.4000000000001,0.0,0.0,1500.0
2020-07-10T10:00:00.0,2838.951677950655,153.20000000000005,0.0,0.0,1500.0
2020-07-10T11:00:00.0,3061.5580174319416,158.4000000000001,0.0,0.0,1500.0
2020-07-10T12:00:00.0,3174.9314071679364,156.29999999999973,0.0,0.0,1500.0
2020-07-10T13:00:00.0,3418.0381528665057,144.39999999999986,0.0,0.0,1500.0
2020-07-10T14:00:00.0,3705.0000003279997,127.09999999999991,0.0,6.1776217161004565,1493.8223782838995
2020-07-10T15:00:00.0,4222.160050940052,97.5,6.17762171610039,0.0,1500.0
2020-07-10T16:00:00.0,4415.675831424909,50.0,0.0,0.0,1500.0
2020-07-10T17:00:00.0,4662.0000002,0.0,0.0,69.37841278330899,1430.6215872166908
2020-07-10T18:00:00.0,4662.0000002,0.0,0.0,323.6264267365865,1106.9951604801045
2020-07-10T19:00:00.0,4662.0000002,0.0,0.0,375.8090523118419,731.1861081682625
2020-07-10T20:00:00.0,4633.901939794805,0.0,0.0,326.8552240657136,404.3308841025489
2020-07-10T21:00:00.0,4307.0000002,0.0,0.0,375.701278943631,28.629605158917926
2020-07-10T22:00:00.0,4307.0000002,0.0,0.0,28.629605158917926,0.0
2020-07-10T23:00:00.0,3978.4354864290003,0.0,0.0,0.0,0.0
2020-07-11T00:00:00.0,3715.8263504197075,0.0,0.0,0.0,0.0
2020-07-11T01:00:00.0,3517.4194953355563,0.0,0.0,0.0,0.0
2020-07-11T02:00:00.0,3372.7902836322123,0.0,0.0,0.0,0.0
2020-07-11T03:00:00.0,3250.7264841413744,0.0,0.0,0.0,0.0
2020-07-11T04:00:00.0,3185.688488351621,0.0,0.0,0.0,0.0
2020-07-11T05:00:00.0,2708.600501807026,0.0,0.0,0.0,0.0
2020-07-11T06:00:00.0,2552.333332812,16.0,402.49122061288006,0.0,402.49122061288006
2020-07-11T07:00:00.0,2573.722832004242,80.80000000000018,484.7981437609195,0.0,887.2893643737996
2020-07-11T08:00:00.0,2583.333332812,118.80000000000018,423.38831121375097,0.0,1310.6776755875505
2020-07-11T09:00:00.0,2583.333332812,141.70000000000005,189.32232441244946,0.0,1500.0
2020-07-11T10:00:00.0,2650.967547214922,157.30000000000018,0.0,0.0,1500.0
2020-07-11T11:00:00.0,2965.7938460817923,164.20000000000005,0.0,0.0,1500.0
2020-07-11T12:00:00.0,3224.5759564111004,162.70000000000005,0.0,0.0,1500.0
2020-07-11T13:00:00.0,3556.676565689173,151.40000000000032,0.0,0.0,1500.0
2020-07-11T14:00:00.0,3871.4289510629474,134.4000000000001,0.0,0.0,1500.0
2020-07-11T15:00:00.0,4298.186231055913,105.60000000000014,0.0,0.0,1500.0
2020-07-11T16:00:00.0,4537.870639350313,58.19999999999993,0.0,0.0,1500.0
2020-07-11T17:00:00.0,4723.6666668,0.0,0.0,146.02266720918823,1353.977332790812
2020-07-11T18:00:00.0,4663.172089209847,0.0,0.0,471.41732230398964,882.5600104868222
2020-07-11T19:00:00.0,4702.922283327473,0.0,0.0,500.0,382.56001048682214
2020-07-11T20:00:00.0,4662.0000002,0.0,0.0,353.2369529197453,29.323057567076827
2020-07-11T21:00:00.0,4662.0000002,0.0,0.0,29.323057567076827,0.0
2020-07-11T22:00:00.0,4365.871491587487,0.0,0.0,0.0,0.0
2020-07-11T23:00:00.0,4077.384624657831,0.0,0.0,0.0,0.0
2020-07-12T00:00:00.0,3835.6520611813226,0.0,0.0,0.0,0.0
2020-07-12T01:00:00.0,3638.951195597302,0.0,0.0,0.0,0.0
2020-07-12T02:00:00.0,3455.8564051649964,0.0,0.0,0.0,0.0
2020-07-12T03:00:00.0,3281.202073910023,0.0,0.0,0.0,0.0
2020-07-12T04:00:00.0,3145.537833898212,0.0,0.0,0.0,0.0
2020-07-12T05:00:00.0,2659.515565020485,0.0,0.0,0.0,0.0
2020-07-12T06:00:00.0,2521.2663278658956,16.100000000000136,388.49319154067973,0.0,388.49319154067973
2020-07-12T07:00:00.0,2514.666666012,80.30000000000041,479.2800860889569,0.0,867.7732776296366
2020-07-12T08:00:00.0,2576.666666012,117.20000000000005,456.11711768982855,0.0,1323.8903953194651
2020-07-12T09:00:00.0,2576.666666012,138.79999999999995,176.10960468053497,0.0,1500.0
2020-07-12T10:00:00.0,2702.620842238019,153.20000000000005,0.0,0.0,1500.0
2020-07-12T11:00:00.0,3004.957128616571,159.79999999999995,0.0,0.0,1500.0
2020-07-12T12:00:00.0,3246.5018045020247,157.80000000000018,0.0,0.0,1500.0
2020-07-12T13:00:00.0,3531.4758360300316,145.79999999999995,0.0,0.0,1500.0
2020-07-12T14:00:00.0,3595.996972574365,128.4000000000001,0.0,0.0,1500.0
2020-07-12T15:00:00.0,3819.634573399027,98.90000000000009,0.0,0.0,1500.0
2020-07-12T16:00:00.0,4224.854387473887,51.0,0.0,0.0,1500.0
2020-07-12T17:00:00.0,4276.0000002,0.0,0.0,326.90246189307936,1173.0975381069206
2020-07-12T18:00:00.0,4277.228684140367,0.0,0.0,467.0044108544917,706.093127252429
2020-07-12T19:00:00.0,4276.0000002,0.0,0.0,458.0253264424518,248.06780080997726
2020-07-12T20:00:00.0,4276.0000002,0.0,0.0,248.06780080997726,0.0
2020-07-12T21:00:00.0,3837.029503479975,0.0,0.0,0.0,0.0
2020-07-12T22:00:00.0,3418.321569468949,0.0,0.0,0.0,0.0
2020-07-12T23:00:00.0,2751.9054284782396,0.0,0.0,0.0,0.0
2020-07-13T00:00:00.0,2262.2838740034663,0.0,0.0,0.0,0.0
2020-07-13T01:00:00.0,2096.1568901951296,0.0,0.0,0.0,0.0
2020-07-13T02:00:00.0,2007.6795158456785,0.0,63.81352394268964,0.0,63.81352394268964
2020-07-13T03:00:00.0,2003.9999993240003,0.0,0.0,17.51750384524904,46.2960200974406
2020-07-13T04:00:00.0,2003.9999993240003,0.0,0.0,46.2960200974406,0.0
2020-07-13T05:00:00.0,1999.9999993240003,0.0,89.65897816213877,0.0,89.65897816213877
2020-07-13T06:00:00.0,1999.9999993240003,15.899999999999636,771.2268699239223,0.0,860.8858480860612
2020-07-13T07:00:00.0,2003.9999993240003,80.39999999999964,431.41222958532273,0.0,1292.298077671384
2020-07-13T08:00:00.0,1999.9999993240003,117.10000000000036,207.70192232861615,0.0,1500.0
2020-07-13T09:00:00.0,2029.2641794156161,138.9000000000001,0.0,0.0,1500.0
2020-07-13T10:00:00.0,2386.828286160904,153.29999999999995,0.0,0.0,1500.0
2020-07-13T11:00:00.0,2723.9721513618583,159.20000000000005,0.0,0.0,1500.0
2020-07-13T12:00:00.0,3133.85390267962,157.29999999999995,0.0,0.0,1500.0
2020-07-13T13:00:00.0,3367.220957719306,144.89999999999986,0.0,0.0,1500.0
2020-07-13T14:00:00.0,3657.3571340885665,127.40000000000009,0.0,0.0,1500.0
2020-07-13T15:00:00.0,3812.3906504226525,97.39999999999986,0.0,0.0,1500.0
2020-07-13T16:00:00.0,4075.3333334,49.100000000000136,0.0,78.84618864887835,1421.1538113511217
2020-07-13T17:00:00.0,4075.3333334,0.0,0.0,76.4864644104935,1344.6673469406282
2020-07-13T18:00:00.0,4049.8308074795777,0.0,0.0,399.8976265552292,944.769720385399
2020-07-13T19:00:00.0,4091.587131408843,0.0,0.0,500.0,444.76972038539895
2020-07-13T20:00:00.0,4075.3333334,0.0,0.0,444.76972038539895,0.0
2020-07-13T21:00:00.0,3784.380175785662,0.0,0.0,0.0,0.0
2020-07-13T22:00:00.0,3294.2448712534,0.0,0.0,0.0,0.0
2020-07-13T23:00:00.0,2732.5664448748503,0.0,0.0,0.0,0.0
2020-07-14T00:00:00.0,2715.333332692,0.0,201.47019470963448,0.0,201.47019470963448
2020-07-14T01:00:00.0,2699.666666028,0.0,213.6967530200169,0.0,415.1669477296513
2020-07-14T02:00:00.0,2726.7248249454797,0.0,49.87485024822309,0.0,465.04179797787447
2020-07-14T03:00:00.0,2699.9999993559995,0.0,99.11401561905522,0.0,564.1558135969296
2020-07-14T04:00:00.0,2699.9999993559995,0.0,3.7661741307358945,0.0,567.9219877276655
2020-07-14T05:00:00.0,2715.3333326919997,0.0,222.08318776339203,0.0,790.0051754910575
2020-07-14T06:00:00.0,2715.333332692,0.0,502.61367896938543,0.0,1292.618854460443
2020-07-14T07:00:00.0,2699.666666028,75.89999999999986,163.34592129157804,0.0,1455.9647757520208
2020-07-14T08:00:00.0,2715.3333326919997,113.5,44.03522424797925,0.0,1500.0
2020-07-14T09:00:00.0,2827.8718281797537,136.30000000000018,0.0,0.0,1500.0
2020-07-14T10:00:00.0,3048.06378302778,151.0,0.0,0.0,1500.0
2020-07-14T11:00:00.0,3361.968697889871,157.29999999999995,0.0,0.0,1500.0
2020-07-14T12:00:00.0,3592.644405347795,155.39999999999986,0.0,0.0,1500.0
2020-07-14T13:00:00.0,3904.06107558618,143.10000000000036,0.0,0.0,1500.0
2020-07-14T14:00:00.0,4072.1085733781924,125.60000000000014,0.0,0.0,1500.0
2020-07-14T15:00:00.0,4246.448624044103,95.39999999999986,0.0,0.0,1500.0
2020-07-14T16:00:00.0,4368.666666800001,47.5,0.0,51.024215384266306,1448.9757846157338
2020-07-14T17:00:00.0,4368.6666668,0.0,0.0,424.2558003375458,1024.719984278188
2020-07-14T18:00:00.0,4556.315796214668,0.0,0.0,500.0,524.7199842781878
2020-07-14T19:00:00.0,4392.766479331085,0.0,0.0,433.36578186047683,91.35420241771098
2020-07-14T20:00:00.0,4368.666666799999,0.0,0.0,91.35420241771098,0.0
2020-07-14T21:00:00.0,3448.2801636573117,0.0,0.0,0.0,0.0
2020-07-14T22:00:00.0,2476.3332370687763,0.0,0.0,0.0,0.0
2020-07-14T23:00:00.0,2030.1967869356445,0.0,0.0,0.0,0.0
2020-07-15T00:00:00.0,1902.5000216185883,0.0,8.129966017032597,0.0,8.129966017032597
2020-07-15T01:00:00.0,1910.6666661590004,0.0,243.56393340573055,0.0,251.69389942276314
2020-07-15T02:00:00.0,1895.3333328230003,0.0,0.0,48.178586820499824,203.5153126022633
2020-07-15T03:00:00.0,1895.3333328230003,0.0,82.49973962109762,0.0,286.0150522233609
2020-07-15T04:00:00.0,1910.6666661590004,0.0,135.3369237330445,0.0,421.3519759564054
2020-07-15T05:00:00.0,1910.6666661590002,0.0,478.2811947003893,0.0,899.6331706567947
2020-07-15T06:00:00.0,1910.6666661590004,0.0,600.3668293432053,0.0,1500.0
2020-07-15T07:00:00.0,1896.5821318926485,70.0,0.0,0.0,1500.0
2020-07-15T08:00:00.0,2234.30830191097,107.29999999999995,0.0,0.0,1500.0
2020-07-15T09:00:00.0,2498.5118969413647,130.60000000000014,0.0,0.0,1500.0
2020-07-15T10:00:00.0,2536.0384426889104,145.4000000000001,0.0,0.0,1500.0
2020-07-15T11:00:00.0,2740.327869027774,151.99999999999955,0.0,0.0,1500.0
2020-07-15T12:00:00.0,2966.855688128251,150.69999999999982,0.0,0.0,1500.0
2020-07-15T13:00:00.0,3224.968316516093,138.5999999999999,0.0,0.0,1500.0
2020-07-15T14:00:00.0,3437.0001181048924,121.00000000000045,0.0,0.0,1500.0
2020-07-15T15:00:00.0,3708.3133588276683,90.79999999999973,0.0,127.87416202251443,1372.1258379774856
2020-07-15T16:00:00.0,3736.0000003279997,0.0,0.0,305.90093062265976,1066.2249073548257
2020-07-15T17:00:00.0,3736.0000003279997,0.0,0.0,256.0367884217028,810.1881189331231
2020-07-15T18:00:00.0,3944.5360899903453,0.0,0.0,500.0,310.18811893312295
2020-07-15T19:00:00.0,3736.0000003279997,0.0,0.0,171.60324851766646,138.58487041545652
2020-07-15T20:00:00.0,3736.0000003279997,0.0,0.0,138.58487041545652,0.0
2020-07-15T21:00:00.0,3124.2948872765,0.0,0.0,0.0,0.0
2020-07-15T22:00:00.0,2532.8260233212263,0.0,0.0,0.0,0.0
2020-07-15T23:00:00.0,2034.6666659960003,0.0,65.22277003447824,0.0,65.22277003447824
2020-07-16T00:00:00.0,2032.7687404579833,0.0,202.51453591469763,0.0,267.7373059491759
2020-07-16T01:00:00.0,2034.6666659960003,0.0,216.96024300182546,0.0,484.69754895100135
2020-07-16T02:00:00.0,2034.6666659960003,0.0,187.8078226117258,0.0,672.5053715627272
2020-07-16T03:00:00.0,2019.3333326600002,0.0,0.0,27.942892936777763,644.5624786259494
2020-07-16T04:00:00.0,2034.6666659960003,0.0,123.27571830604064,0.0,767.8381969319901
2020-07-16T05:00:00.0,2034.6666659960003,0.0,387.65441698124687,0.0,1155.492613913237
2020-07-16T06:00:00.0,2034.6666659960003,0.0,344.50738608676306,0.0,1500.0
2020-07-16T07:00:00.0,2103.4498438248224,0.0,0.0,0.0,1500.0
2020-07-16T08:00:00.0,2128.253449717049,15.099999999999909,0.0,0.0,1500.0
2020-07-16T09:00:00.0,2460.0795881749727,126.39999999999986,0.0,0.0,1500.0
2020-07-16T10:00:00.0,2868.5092118969014,140.60000000000014,0.0,0.0,1500.0
2020-07-16T11:00:00.0,3299.0871464156135,0.0,0.0,0.0,1500.0
2020-07-16T12:00:00.0,3877.624922810492,0.0,0.0,0.0,1500.0
2020-07-16T13:00:00.0,4091.0000004,0.0,0.0,65.68740945721616,1434.3125905427837
2020-07-16T14:00:00.0,4376.1875624234945,114.60000000000014,0.0,14.877139200114087,1419.4354513426697
2020-07-16T15:00:00.0,4847.666667399999,0.0,80.56454865733032,0.0,1500.0
2020-07-16T16:00:00.0,5079.118665896904,5.0,0.0,0.0,1500.0
2020-07-16T17:00:00.0,5217.6666669999995,0.0,0.0,449.7597987730635,1050.2402012269365
2020-07-16T18:00:00.0,5309.551174579142,0.0,0.0,500.0,550.2402012269364
2020-07-16T19:00:00.0,5176.129961564871,0.0,0.0,468.75292149329823,81.4872797336382
2020-07-16T20:00:00.0,5217.6666669999995,0.0,0.0,81.4872797336382,0.0
2020-07-16T21:00:00.0,4616.0990892692025,0.0,0.0,0.0,0.0
2020-07-16T22:00:00.0,4153.002109395822,0.0,0.0,0.0,0.0
2020-07-16T23:00:00.0,3884.0615616626083,0.0,0.0,0.0,0.0
2020-07-17T00:00:00.0,3347.572561489528,0.0,0.0,0.0,0.0
2020-07-17T01:00:00.0,2679.849447977848,0.0,0.0,0.0,0.0
2020-07-17T02:00:00.0,2511.333332059,0.0,63.26778868015212,0.0,63.26778868015212
2020-07-17T03:00:00.0,2511.333332059,0.0,391.18746371467523,0.0,454.45525239482737
2020-07-17T04:00:00.0,2509.9999988590002,0.0,279.70736554533363,0.0,734.162617940161
2020-07-17T05:00:00.0,2511.333332059,0.0,412.84477239266374,0.0,1147.0073903328248
2020-07-17T06:00:00.0,2509.9999988590002,0.0,352.99260966717526,0.0,1500.0
2020-07-17T07:00:00.0,2575.7935855444925,64.99999999999977,0.0,0.0,1500.0
2020-07-17T08:00:00.0,2728.8563199320724,103.90000000000009,0.0,0.0,1500.0
2020-07-17T09:00:00.0,3082.2747194367194,127.30000000000018,0.0,0.0,1500.0
2020-07-17T10:00:00.0,3411.148783436719,142.0999999999999,0.0,0.0,1500.0
2020-07-17T11:00:00.0,3736.3752497311184,148.80000000000018,0.0,0.0,1500.0
2020-07-17T12:00:00.0,4044.8157597100153,147.30000000000018,0.0,0.0,1500.0
2020-07-17T13:00:00.0,4303.662247609537,135.5999999999999,0.0,0.0,1500.0
2020-07-17T14:00:00.0,4616.000000599999,117.59999999999991,0.0,1.9004117058498249,1498.0995882941502
2020-07-17T15:00:00.0,4922.834601151862,86.70000000000005,1.9004117058498693,0.0,1500.0
2020-07-17T16:00:00.0,5219.5454814226505,38.00000000000023,0.0,0.0,1500.0
2020-07-17T17:00:00.0,5217.6666669999995,0.0,0.0,417.17104225912607,1082.8289577408739
2020-07-17T18:00:00.0,5281.7132903058455,0.0,0.0,500.0,582.8289577408739
2020-07-17T19:00:00.0,5279.3333336,0.0,0.0,356.99174369429693,225.837214046577
2020-07-17T20:00:00.0,5241.89909213144,0.0,0.0,225.837214046577,0.0
2020-07-17T21:00:00.0,5072.756964741722,0.0,0.0,0.0,0.0
2020-07-17T22:00:00.0,4754.330653545803,0.0,0.0,0.0,0.0
2020-07-17T23:00:00.0,4189.708257249147,0.0,0.0,0.0,0.0
2020-07-18T00:00:00.0,3756.228207017799,0.0,0.0,0.0,0.0
2020-07-18T01:00:00.0,3481.021422629958,0.0,0.0,0.0,0.0
2020-07-18T02:00:00.0,3163.3333326729994,0.0,25.900292052335228,0.0,25.900292052335228
2020-07-18T03:00:00.0,3150.163161166418,0.0,0.0,25.900292052335228,0.0
2020-07-18T04:00:00.0,3127.729445414932,0.0,0.0,0.0,0.0
2020-07-18T05:00:00.0,3055.333332665,0.0,336.13570432970397,0.0,336.13570432970397
2020-07-18T06:00:00.0,3055.333332665,0.0,562.1811915098185,0.0,898.3168958395225
2020-07-18T07:00:00.0,3053.2010337585953,46.00000000000023,506.8336476549122,0.0,1405.1505434944347
2020-07-18T08:00:00.0,3024.333332665,0.0,94.84945650556527,0.0,1500.0
2020-07-18T09:00:00.0,3257.7172241310345,16.09999999999991,0.0,0.0,1500.0
2020-07-18T10:00:00.0,3747.7184467032434,0.0,0.0,0.0,1500.0
2020-07-18T11:00:00.0,4062.8692029272984,0.0,0.0,0.0,1500.0
2020-07-18T12:00:00.0,4284.152344144581,13.899999999999864,0.0,0.0,1500.0
2020-07-18T13:00:00.0,4662.0000002,14.5,0.0,31.10589146329641,1468.8941085367037
2020-07-18T14:00:00.0,4699.283483902871,0.0,0.0,30.407230629551485,1438.4868779071521
2020-07-18T15:00:00.0,4662.0000002,85.19999999999982,61.51312209284798,0.0,1500.0
2020-07-18T16:00:00.0,4811.590877570417,0.0,0.0,110.78353684042526,1389.2164631595747
2020-07-18T17:00:00.0,4785.3333334,0.0,0.0,492.5331905225214,896.6832726370534
2020-07-18T18:00:00.0,4855.0,0.0,0.0,498.110443420134,398.5728292169194
2020-07-18T19:00:00.0,4847.0,0.0,0.0,398.5728292169194,0.0
2020-07-18T20:00:00.0,4788.5446493385,0.0,0.0,0.0,0.0
2020-07-18T21:00:00.0,4285.734098481709,0.0,0.0,0.0,0.0
2020-07-18T22:00:00.0,3871.110719711064,0.0,0.0,0.0,0.0
2020-07-18T23:00:00.0,3632.2320596902237,0.0,0.0,0.0,0.0
2020-07-19T00:00:00.0,3423.563539096647,0.0,0.0,0.0,0.0
2020-07-19T01:00:00.0,2965.647975575675,0.0,0.0,0.0,0.0
2020-07-19T02:00:00.0,2885.3839827484926,0.0,0.0,0.0,0.0
2020-07-19T03:00:00.0,2856.4780260335997,0.0,0.0,0.0,0.0
2020-07-19T04:00:00.0,2790.461205087094,0.0,0.0,0.0,0.0
2020-07-19T05:00:00.0,2559.333332657,0.0,280.1455316869736,0.0,280.1455316869736
2020-07-19T06:00:00.0,2618.213913295377,0.0,712.958120905117,0.0,993.1036525920906
2020-07-19T07:00:00.0,2559.333332657,63.799999999999955,405.4214299796387,0.0,1398.5250825717292
2020-07-19T08:00:00.0,2559.333332657,102.0,101.47491742827081,0.0,1500.0
2020-07-19T09:00:00.0,2766.0817083688944,125.19999999999982,0.0,0.0,1500.0
2020-07-19T10:00:00.0,3075.485686338501,139.99999999999977,0.0,0.0,1500.0
2020-07-19T11:00:00.0,3542.2409675628146,146.30000000000018,0.0,0.0,1500.0
2020-07-19T12:00:00.0,3901.4058198969014,0.0,0.0,0.0,1500.0
2020-07-19T13:00:00.0,4244.509965742668,0.0,0.0,0.0,1500.0
2020-07-19T14:00:00.0,4776.371198990344,0.0,0.0,0.0,1500.0
2020-07-19T15:00:00.0,4876.299908153871,0.0,0.0,0.0,1500.0
2020-07-19T16:00:00.0,5201.433843062685,0.0,0.0,0.0,1500.0
2020-07-19T17:00:00.0,5310.3333336,0.0,0.0,261.19649498139916,1238.8035050186008
2020-07-19T18:00:00.0,5310.3333336,0.0,0.0,478.45453182742784,760.3489731911731
2020-07-19T19:00:00.0,5327.246532515621,0.0,0.0,450.20563197285907,310.14334121831394
2020-07-19T20:00:00.0,5310.3333336,0.0,0.0,310.14334121831394,0.0
2020-07-19T21:00:00.0,5273.323287318705,0.0,0.0,0.0,0.0
2020-07-19T22:00:00.0,4877.325639545806,0.0,0.0,0.0,0.0
2020-07-19T23:00:00.0,3958.9519634686876,0.0,0.0,0.0,0.0
2020-07-20T00:00:00.0,3601.6393154729403,0.0,0.0,0.0,0.0
2020-07-20T01:00:00.0,3563.141955686446,0.0,4.302935255712925,0.0,4.302935255712925
2020-07-20T02:00:00.0,3565.666666591,0.0,0.0,4.302935255712925,0.0
2020-07-20T03:00:00.0,3132.3333326729994,0.0,29.729760730587312,0.0,29.729760730587312
2020-07-20T04:00:00.0,3163.3333326729994,0.0,0.0,15.700694390994352,14.02906633959296
2020-07-20T05:00:00.0,3132.3333326729994,0.0,281.0193118499105,0.0,295.0483781895034
2020-07-20T06:00:00.0,3132.3333326729994,0.0,531.0984530300242,0.0,826.1468312195277
2020-07-20T07:00:00.0,3163.3333326729994,67.70000000000005,519.753494570103,0.0,1345.9003257896306
2020-07-20T08:00:00.0,3151.942817371274,106.90000000000009,154.0996742103694,0.0,1500.0
2020-07-20T09:00:00.0,3403.365092523126,130.5999999999999,0.0,0.0,1500.0
2020-07-20T10:00:00.0,3669.9259603455325,145.80000000000018,0.0,0.0,1500.0
2020-07-20T11:00:00.0,3905.639719948399,152.60000000000014,0.0,0.0,1500.0
2020-07-20T12:00:00.0,4167.804073609537,151.39999999999986,0.0,0.0,1500.0
2020-07-20T13:00:00.0,4582.933251513838,140.20000000000005,0.0,0.0,1500.0
2020-07-20T14:00:00.0,4610.235885345535,122.89999999999986,0.0,381.99252492765794,1118.007475072342
2020-07-20T15:00:00.0,4924.3333336,92.90000000000009,14.3658754483865,0.0,1132.3733505207288
2020-07-20T16:00:00.0,4986.0000002,44.59999999999991,0.0,82.61594623194392,1049.7574042887848
2020-07-20T17:00:00.0,4986.0000002,0.0,16.669469025025307,0.0,1066.4268733138101
2020-07-20T18:00:00.0,4986.0000002,0.0,0.0,369.1917258815298,697.2351474322803
2020-07-20T19:00:00.0,4986.0000002,0.0,0.0,437.10386981874336,260.13127761353695
2020-07-20T20:00:00.0,4631.0000002,0.0,0.0,260.13127761353695,0.0
2020-07-20T21:00:00.0,4000.3552452672093,0.0,0.0,0.0,0.0
2020-07-20T22:00:00.0,3449.524246580713,0.0,0.0,0.0,0.0
2020-07-20T23:00:00.0,3274.348334889181,0.0,0.0,0.0,0.0
2020-07-21T00:00:00.0,2947.3004772415893,0.0,0.0,0.0,0.0
2020-07-21T01:00:00.0,2753.333332657,0.0,113.43476446213221,0.0,113.43476446213221
2020-07-21T02:00:00.0,2753.333332657,0.0,233.73984965379648,0.0,347.1746141159287
2020-07-21T03:00:00.0,2742.5705138567964,0.0,253.0624619844654,0.0,600.2370761003941
2020-07-21T04:00:00.0,2722.333332657,0.0,178.89306962817875,0.0,779.1301457285729
2020-07-21T05:00:00.0,2753.333332657,0.0,371.7453643129373,0.0,1150.87551004151
2020-07-21T06:00:00.0,2722.333332657,0.0,341.5537440562308,0.0,1492.4292540977408
2020-07-21T07:00:00.0,2753.333332657,0.0,7.570745902259146,0.0,1500.0
2020-07-21T08:00:00.0,2963.9786582146603,0.0,0.0,0.0,1500.0
2020-07-21T09:00:00.0,3215.9523160184817,0.0,0.0,0.0,1500.0
2020-07-21T10:00:00.0,3500.982501018481,142.20000000000027,0.0,0.0,1500.0
2020-07-21T11:00:00.0,3831.0206049016756,149.00000000000023,0.0,0.0,1500.0
2020-07-21T12:00:00.0,4138.15570400919,42.59999999999991,0.0,0.0,1500.0
2020-07-21T13:00:00.0,4495.934645322173,30.100000000000136,0.0,0.0,1500.0
2020-07-21T14:00:00.0,4841.805581212405,117.10000000000014,0.0,0.0,1500.0
2020-07-21T15:00:00.0,5186.076155235765,86.60000000000014,0.0,0.0,1500.0
2020-07-21T16:00:00.0,5433.6666668,37.59999999999991,0.0,66.66218835161261,1433.3378116483875
2020-07-21T17:00:00.0,5433.6666668,0.0,0.0,411.4896725362431,1021.8481391121443
2020-07-21T18:00:00.0,5433.6666668,0.0,0.0,460.4179693586457,561.4301697534986
2020-07-21T19:00:00.0,5437.222968155019,0.0,0.0,339.6444049197397,221.78576483375895
2020-07-21T20:00:00.0,5433.6666668,0.0,0.0,90.92369470029115,130.86207013346777
2020-07-21T21:00:00.0,5140.3333334,0.0,0.0,130.86207013346777,0.0
2020-07-21T22:00:00.0,4572.054604818838,0.0,0.0,0.0,0.0
2020-07-21T23:00:00.0,4105.459646896216,0.0,0.0,0.0,0.0
2020-07-22T00:00:00.0,3797.333333391,0.0,30.872170209938844,0.0,30.872170209938844
2020-07-22T01:00:00.0,3859.000000346,0.0,70.85001070501875,0.0,101.72218091495759
2020-07-22T02:00:00.0,3797.333333391,0.0,0.0,14.08084790886097,87.64133300609662
2020-07-22T03:00:00.0,3797.7081231887705,0.0,0.0,87.64133300609662,0.0
2020-07-22T04:00:00.0,3806.1388581664687,0.0,0.0,0.0,0.0
2020-07-22T05:00:00.0,3572.999999481,0.0,121.58268091288366,0.0,121.58268091288366
2020-07-22T06:00:00.0,3572.999999481,0.0,240.18741415126837,0.0,361.77009506415203
2020-07-22T07:00:00.0,3572.999999481,0.0,377.57199516759476,0.0,739.3420902317467
2020-07-22T08:00:00.0,3572.999999481,104.89999999999986,492.500454331646,0.0,1231.8425445633927
2020-07-22T09:00:00.0,3574.448660226179,0.0,252.65134809089318,0.0,1484.493892654286
2020-07-22T10:00:00.0,3572.999999481,142.60000000000014,15.50610734571405,0.0,1500.0
2020-07-22T11:00:00.0,3935.779110310623,149.0,0.0,0.0,1500.0
2020-07-22T12:00:00.0,4240.13719875448,0.0,0.0,0.0,1500.0
2020-07-22T13:00:00.0,4220.262981817527,45.899999999999864,0.0,0.0,1500.0
2020-07-22T14:00:00.0,4504.341347740411,115.89999999999986,0.0,0.0,1500.0
2020-07-22T15:00:00.0,4714.02997220537,85.0,0.0,0.0,1500.0
2020-07-22T16:00:00.0,4958.555631777841,35.299999999999955,0.0,0.0,1500.0
2020-07-22T17:00:00.0,5078.6666668,0.0,0.0,177.63122910393614,1322.368770896064
2020-07-22T18:00:00.0,5157.976436887871,0.0,0.0,500.0,822.368770896064
2020-07-22T19:00:00.0,5092.893453726864,0.0,0.0,500.0,322.36877089606395
2020-07-22T20:00:00.0,5041.344843709482,0.0,0.0,322.36877089606395,0.0
2020-07-22T21:00:00.0,4695.306463491263,0.0,0.0,0.0,0.0
2020-07-22T22:00:00.0,4327.49364202205,0.0,0.0,0.0,0.0
2020-07-22T23:00:00.0,3957.080104921834,0.0,0.0,0.0,0.0
2020-07-23T00:00:00.0,3641.5473879896595,0.0,0.0,0.0,0.0
2020-07-23T01:00:00.0,3407.615041281539,0.0,0.0,0.0,0.0
2020-07-23T02:00:00.0,3403.3333325179997,0.0,5.684635112885461,0.0,5.684635112885461
2020-07-23T03:00:00.0,3394.9754517015263,0.0,59.26452124092223,0.0,64.9491563538077
2020-07-23T04:00:00.0,3403.3333325179997,0.0,0.0,64.9491563538077,0.0
2020-07-23T05:00:00.0,3178.9999991739996,0.0,51.61408807813961,0.0,51.61408807813961
2020-07-23T06:00:00.0,3209.6666658460003,0.0,471.2571326758051,0.0,522.8712207539447
2020-07-23T07:00:00.0,3194.33333251,58.80000000000018,475.6521481503982,0.0,998.523368904343
2020-07-23T08:00:00.0,3187.9228921244035,96.49999999999977,327.43730063870515,0.0,1325.9606695430482
2020-07-23T09:00:00.0,3209.9999991739996,119.59999999999991,174.03933045695194,0.0,1500.0
2020-07-23T10:00:00.0,3304.6047694693716,133.5,0.0,0.0,1500.0
2020-07-23T11:00:00.0,3776.1583426469665,140.0,0.0,0.0,1500.0
2020-07-23T12:00:00.0,4125.1241708946445,138.4000000000001,0.0,0.0,1500.0
2020-07-23T13:00:00.0,4548.128230249833,127.60000000000014,0.0,0.0,1500.0
2020-07-23T14:00:00.0,5021.13233250003,36.5,0.0,0.0,1500.0
2020-07-23T15:00:00.0,5279.3333336,16.100000000000023,0.0,45.719695605631536,1454.2803043943686
2020-07-23T16:00:00.0,5279.3333336,0.0,0.0,31.906907547099948,1422.3733968472686
2020-07-23T17:00:00.0,5279.3333336,0.0,0.0,430.89328724566656,991.4801096016021
2020-07-23T18:00:00.0,5223.004612902487,0.0,0.0,416.5236289431778,574.9564806584242
2020-07-23T19:00:00.0,5279.3333336,0.0,0.0,293.6803817669002,281.27609889152404
2020-07-23T20:00:00.0,5279.3333336,0.0,0.0,281.27609889152404,0.0
2020-07-23T21:00:00.0,5151.884983251144,0.0,0.0,0.0,0.0
2020-07-23T22:00:00.0,4732.218997910286,0.0,0.0,0.0,0.0
2020-07-23T23:00:00.0,4304.286742770122,0.0,0.0,0.0,0.0
2020-07-24T00:00:00.0,4018.7861899429377,0.0,0.0,0.0,0.0
2020-07-24T01:00:00.0,3766.907948643762,0.0,0.0,0.0,0.0
2020-07-24T02:00:00.0,3634.666666436,0.0,77.07984593266485,0.0,77.07984593266485
2020-07-24T03:00:00.0,3634.666666436,0.0,160.7574718321874,0.0,237.83731776485223
2020-07-24T04:00:00.0,3650.3788562900786,0.0,108.38085668626655,0.0,346.2181744511188
2020-07-24T05:00:00.0,3634.666666436,0.0,215.73429554256512,0.0,561.952469993684
2020-07-24T06:00:00.0,3634.666666436,0.0,356.9110540075247,0.0,918.8635240012086
2020-07-24T07:00:00.0,3634.666666436,65.79999999999995,389.4809602228116,0.0,1308.3444842240203
2020-07-24T08:00:00.0,3634.666666436,104.59999999999991,179.92412487266088,0.0,1488.2686090966813
2020-07-24T09:00:00.0,3634.666666436,127.89999999999986,11.73139090331874,0.0,1500.0
2020-07-24T10:00:00.0,3933.3083923503104,142.5999999999999,0.0,0.0,1500.0
2020-07-24T11:00:00.0,4294.578954149355,149.10000000000014,0.0,0.0,1500.0
2020-07-24T12:00:00.0,4554.333333999999,147.0,0.0,127.76850267736283,1372.231497322637
2020-07-24T13:00:00.0,5191.313619966884,134.99999999999977,127.76850267736286,0.0,1500.0
2020-07-24T14:00:00.0,5449.333333799999,117.0,0.0,11.27272652217437,1488.7272734778257
2020-07-24T15:00:00.0,5498.578104038269,0.0,11.272726522174281,0.0,1500.0
2020-07-24T16:00:00.0,5665.3333336,0.0,0.0,80.76332409368881,1419.2366759063113
2020-07-24T17:00:00.0,5674.437420324811,0.0,0.0,385.5797708175094,1033.6569050888018
2020-07-24T18:00:00.0,5665.3333336,0.0,0.0,495.00252864279935,538.6543764460025
2020-07-24T19:00:00.0,5665.3333336,0.0,0.0,430.2320260497488,108.42235039625363
2020-07-24T20:00:00.0,5727.0000002,0.0,0.0,108.42235039625363,0.0
2020-07-24T21:00:00.0,5554.315136874589,0.0,0.0,0.0,0.0
2020-07-24T22:00:00.0,5158.877434877371,0.0,0.0,0.0,0.0
2020-07-24T23:00:00.0,4804.779030971075,0.0,0.0,0.0,0.0
2020-07-25T00:00:00.0,4623.327423372986,0.0,0.0,0.0,0.0
2020-07-25T01:00:00.0,4373.3612220177965,0.0,0.0,0.0,0.0
2020-07-25T02:00:00.0,4063.033817041158,0.0,0.0,0.0,0.0
2020-07-25T03:00:00.0,3881.7462279848824,0.0,0.0,0.0,0.0
2020-07-25T04:00:00.0,3836.00188587737,0.0,0.0,0.0,0.0
2020-07-25T05:00:00.0,3681.333332371,0.0,325.81592239367546,0.0,325.81592239367546
2020-07-25T06:00:00.0,3681.333332371,0.0,501.6077839149103,0.0,827.4237063085858
2020-07-25T07:00:00.0,3671.178903920971,0.0,254.96723254703807,0.0,1082.3909388556237
2020-07-25T08:00:00.0,3681.333332371,9.300000000000182,298.87084970067247,0.0,1381.2617885562963
2020-07-25T09:00:00.0,3681.333332371,121.60000000000036,118.7382114437037,0.0,1500.0
2020-07-25T10:00:00.0,3746.578157625862,136.20000000000005,0.0,0.0,1500.0
2020-07-25T11:00:00.0,3932.830219067461,142.70000000000005,0.0,0.0,1500.0
2020-07-25T12:00:00.0,4294.3209607474455,140.60000000000014,0.0,0.0,1500.0
2020-07-25T13:00:00.0,4614.533000399289,129.39999999999986,0.0,0.0,1500.0
2020-07-25T14:00:00.0,4909.333333999999,112.10000000000002,0.0,87.67637520537083,1412.323624794629
2020-07-25T15:00:00.0,5012.427227090726,82.30000000000018,87.67637520537086,0.0,1500.0
2020-07-25T16:00:00.0,5431.493981285006,0.0,0.0,0.0,1500.0
2020-07-25T17:00:00.0,5665.3333336,0.0,0.0,248.67722825269993,1251.3227717473
2020-07-25T18:00:00.0,5634.3333336,0.0,0.0,467.1917768344634,784.1309949128367
2020-07-25T19:00:00.0,5634.3333336,0.0,0.0,498.93532947502024,285.19566543781644
2020-07-25T20:00:00.0,5634.3333336,0.0,0.0,188.85931013390024,96.33635530391622
2020-07-25T21:00:00.0,5304.823349827379,0.0,0.0,96.33635530391622,0.0
2020-07-25T22:00:00.0,5209.621112641244,0.0,0.0,0.0,0.0
2020-07-25T23:00:00.0,4800.244683676416,0.0,0.0,0.0,0.0
2020-07-26T00:00:00.0,4057.3486800501887,0.0,0.0,-0.0,0.0
2020-07-26T01:00:00.0,3874.708035372726,0.0,0.0,-0.0,0.0
2020-07-26T02:00:00.0,3742.045019054964,0.0,0.0,-0.0,0.0
2020-07-26T03:00:00.0,3646.2198526201387,0.0,0.0,-0.0,0.0
2020-07-26T04:00:00.0,3612.2890063279992,0.0,0.0,-0.0,0.0
2020-07-26T05:00:00.0,3410.666666784,0.0,178.8891248885702,0.0,178.8891248885702
2020-07-26T06:00:00.0,3410.666666784,0.0,531.8810045643011,0.0,710.7701294528712
2020-07-26T07:00:00.0,3376.681525080421,0.0,619.8444381086613,0.0,1330.6145675615323
2020-07-26T08:00:00.0,3410.666666784,99.69999999999993,169.3854324384675,0.0,1500.0
2020-07-26T09:00:00.0,3545.137872787128,124.0999999999998,0.0,-0.0,1500.0
2020-07-26T10:00:00.0,3822.5541695394513,138.70000000000005,0.0,-0.0,1500.0
2020-07-26T11:00:00.0,4396.728804289521,0.0,0.0,-0.0,1500.0
2020-07-26T12:00:00.0,4478.86246729881,0.0,0.0,-0.0,1500.0
2020-07-26T13:00:00.0,4769.7812322777,0.0,0.0,-0.0,1500.0
2020-07-26T14:00:00.0,5154.497045632896,0.0,0.0,-0.0,1500.0
2020-07-26T15:00:00.0,5495.3333334,86.39999999999998,0.0,98.0700588380225,1401.9299411619775
2020-07-26T16:00:00.0,5850.3333334,36.69999999999993,0.0,30.436940433853987,1371.4930007281237
2020-07-26T17:00:00.0,5850.3333334,0.0,0.0,418.31841315577964,953.174587572344
2020-07-26T18:00:00.0,5839.675208518444,0.0,0.0,382.3718469813223,570.8027405910217
2020-07-26T19:00:00.0,5850.3333334,0.0,0.0,359.1668118990734,211.6359286919483
2020-07-26T20:00:00.0,5850.3333334,0.0,0.0,111.54666380589421,100.08926488605408
2020-07-26T21:00:00.0,5495.3333334,0.0,0.0,100.08926488605408,0.0
2020-07-26T22:00:00.0,4574.870723648538,0.0,0.0,-0.0,0.0
2020-07-26T23:00:00.0,4209.289352176547,0.0,0.0,-0.0,0.0
2020-07-27T00:00:00.0,3819.3403007020315,0.0,0.0,-0.0,0.0
2020-07-27T01:00:00.0,3641.1740223817533,0.0,0.0,-0.0,0.0
2020-07-27T02:00:00.0,3503.3333334479994,0.0,74.96017295647674,0.0,74.96017295647674
2020-07-27T03:00:00.0,3573.3333334479994,0.0,277.22968115265496,0.0,352.1898541091317
2020-07-27T04:00:00.0,3573.3333334479994,0.0,212.03522202204596,0.0,564.2250761311777
2020-07-27T05:00:00.0,3573.3333334479994,0.0,316.1743937464932,0.0,880.3994698776709
2020-07-27T06:00:00.0,3566.3714552448605,0.0,355.6010905295485,0.0,1236.0005604072194
2020-07-27T07:00:00.0,3573.3333334479994,62.90000000000032,263.99943959278056,0.0,1500.0
2020-07-27T08:00:00.0,3875.8367429087084,101.79999999999995,0.0,-0.0,1500.0
2020-07-27T09:00:00.0,4025.9922114927335,126.09999999999991,0.0,-0.0,1500.0
2020-07-27T10:00:00.0,4360.48753687128,141.0999999999999,0.0,-0.0,1500.0
2020-07-27T11:00:00.0,4658.5342866469655,148.0999999999999,0.0,-0.0,1500.0
2020-07-27T12:00:00.0,4886.365046385217,146.20000000000005,0.0,-0.0,1500.0
2020-07-27T13:00:00.0,5127.130536740408,134.50000000000023,0.0,-0.0,1500.0
2020-07-27T14:00:00.0,5279.3333336,115.90000000000009,0.0,269.9846712104895,1230.0153287895105
2020-07-27T15:00:00.0,5235.415051978262,84.39999999999986,0.0,180.36132627382403,1049.6540025156864
2020-07-27T16:00:00.0,5634.3333336,31.0,44.613500492854726,0.0,1094.2675030085413
2020-07-27T17:00:00.0,5634.3333336,0.0,0.0,155.16132364505157,939.1061793634897
2020-07-27T18:00:00.0,5634.3333336,0.0,0.0,415.5450694581655,523.5611099053243
2020-07-27T19:00:00.0,5720.836231687179,0.0,0.0,500.0,23.56110990532434
2020-07-27T20:00:00.0,5634.3333336,0.0,0.0,23.56110990532434,0.0
2020-07-27T21:00:00.0,4605.768315781408,0.0,0.0,-0.0,0.0
2020-07-27T22:00:00.0,4202.26824551767,0.0,0.0,-0.0,0.0
2020-07-27T23:00:00.0,3948.361391414933,0.0,0.0,-0.0,0.0
2020-07-28T00:00:00.0,3629.472991662346,0.0,0.0,-0.0,0.0
2020-07-28T01:00:00.0,3280.019187947188,0.0,0.0,-0.0,0.0
2020-07-28T02:00:00.0,2988.1523452182278,0.0,0.0,-0.0,0.0
2020-07-28T03:00:00.0,2852.422266449578,0.0,0.0,-0.0,0.0
2020-07-28T04:00:00.0,2680.0,0.0,0.0,-0.0,0.0
2020-07-28T05:00:00.0,2683.999999992,0.0,416.80333173943643,0.0,416.80333173943643
2020-07-28T06:00:00.0,2684.0,0.0,572.6500131374862,0.0,989.4533448769228
2020-07-28T07:00:00.0,2684.0,60.0,490.60267410509556,0.0,1480.0560189820183
2020-07-28T08:00:00.0,2679.999999992,99.20000000000005,19.943981017981677,0.0,1500.0
2020-07-28T09:00:00.0,2993.3335790815268,122.50000000000023,0.0,-0.0,1500.0
2020-07-28T10:00:00.0,3401.787909630637,136.70000000000005,0.0,-0.0,1500.0
2020-07-28T11:00:00.0,4054.861918878312,143.0999999999999,0.0,-0.0,1500.0
2020-07-28T12:00:00.0,4479.311583151612,140.29999999999995,0.0,-0.0,1500.0
2020-07-28T13:00:00.0,5003.216093205361,128.20000000000005,0.0,-0.0,1500.0
2020-07-28T14:00:00.0,5032.666667199999,109.39999999999986,0.0,222.34361957079986,1277.6563804292002
2020-07-28T15:00:00.0,5025.431884823811,77.70000000000005,55.454843980409585,0.0,1333.1112244096098
2020-07-28T16:00:00.0,5264.333333999999,26.600000000000136,0.0,46.58073800945264,1286.530486400157
2020-07-28T17:00:00.0,5326.000000599999,0.0,0.0,286.5304864001571,1000.0
2020-07-28T18:00:00.0,5407.8955577572615,0.0,0.0,500.0,500.0
2020-07-28T19:00:00.0,5261.385934921048,0.0,0.0,500.0,0.0
2020-07-28T20:00:00.0,5016.1989839657745,0.0,0.0,-0.0,0.0
2020-07-28T21:00:00.0,4222.8133213772435,0.0,0.0,-0.0,0.0
2020-07-28T22:00:00.0,3816.9014019874003,0.0,0.0,-0.0,0.0
2020-07-28T23:00:00.0,3573.3333334559993,0.0,37.03523154571483,0.0,37.03523154571483
2020-07-29T00:00:00.0,3543.8926005745548,0.0,0.0,37.03523154571483,0.0
2020-07-29T01:00:00.0,3444.533254765081,0.0,0.0,0.0,0.0
2020-07-29T02:00:00.0,3280.452611033862,0.0,0.0,0.0,0.0
2020-07-29T03:00:00.0,3252.2696238072876,0.0,0.0,0.0,0.0
2020-07-29T04:00:00.0,3121.041405526435,0.0,0.0,0.0,0.0
2020-07-29T05:00:00.0,3000.3333323470006,0.0,281.95622673441943,0.0,281.95622673441943
2020-07-29T06:00:00.0,2969.3333323470006,0.0,507.16600855482926,0.0,789.1222352892487
2020-07-29T07:00:00.0,2979.5242509149157,59.0,460.5439127560058,0.0,1249.6661480452544
2020-07-29T08:00:00.0,3000.3333323470006,98.60000000000014,250.3338519547456,0.0,1500.0
2020-07-29T09:00:00.0,3005.2908238712835,123.10000000000014,0.0,0.0,1500.0
2020-07-29T10:00:00.0,3334.1042227637718,138.19999999999982,0.0,0.0,1500.0
2020-07-29T11:00:00.0,3691.945668020741,145.70000000000027,0.0,0.0,1500.0
2020-07-29T12:00:00.0,3994.644406462338,143.79999999999995,0.0,0.0,1500.0
2020-07-29T13:00:00.0,4278.844899843144,132.39999999999964,0.0,0.0,1500.0
2020-07-29T14:00:00.0,4575.407605492733,114.30000000000018,0.0,0.0,1500.0
2020-07-29T15:00:00.0,5158.982901700723,83.10000000000014,0.0,0.0,1500.0
2020-07-29T16:00:00.0,5692.731711881599,32.0,0.0,1.4174003710166971,1498.5825996289832
2020-07-29T17:00:00.0,5665.3333336,0.0,0.0,369.43472542882284,1129.1478742001605
2020-07-29T18:00:00.0,5691.052949012758,0.0,0.0,500.0,629.1478742001605
2020-07-29T19:00:00.0,5665.3333336,0.0,0.0,464.6469711557883,164.5009030443721
2020-07-29T20:00:00.0,5727.0000002,0.0,0.0,164.5009030443721,0.0
2020-07-29T21:00:00.0,5505.572840062261,0.0,0.0,0.0,0.0
2020-07-29T22:00:00.0,4789.365823968818,0.0,0.0,0.0,0.0
2020-07-29T23:00:00.0,4468.886957146413,0.0,0.0,0.0,0.0
2020-07-30T00:00:00.0,4179.685934823875,0.0,0.0,0.0,0.0
2020-07-30T01:00:00.0,4006.3333336819996,0.0,8.206674603411912,0.0,8.206674603411912
2020-07-30T02:00:00.0,4006.3333336819996,0.0,4.6875476664600235,0.0,12.894222269871936
2020-07-30T03:00:00.0,3979.1226400003793,0.0,0.0,12.894222269871936,0.0
2020-07-30T04:00:00.0,3955.0360551906156,0.0,0.0,0.0,0.0
2020-07-30T05:00:00.0,3648.001706624916,0.0,0.0,0.0,0.0
2020-07-30T06:00:00.0,3572.999999481,0.0,321.3996034054559,0.0,321.3996034054559
2020-07-30T07:00:00.0,3511.333332526,66.29999999999995,391.9731976772919,0.0,713.3728010827479
2020-07-30T08:00:00.0,3515.911898461038,106.10000000000014,474.11194906148825,0.0,1187.484750144236
2020-07-30T09:00:00.0,3511.333332526,130.29999999999995,297.4944907853288,0.0,1484.9792409295649
2020-07-30T10:00:00.0,3511.333332526,144.89999999999964,15.020759070435098,0.0,1500.0
2020-07-30T11:00:00.0,3838.288767013967,152.20000000000005,0.0,0.0,1500.0
2020-07-30T12:00:00.0,4086.697370565073,150.20000000000005,0.0,0.0,1500.0
2020-07-30T13:00:00.0,4428.5396195346775,139.29999999999995,0.0,0.0,1500.0
2020-07-30T14:00:00.0,4739.333333799999,121.80000000000018,0.0,113.10672039356058,1386.8932796064394
2020-07-30T15:00:00.0,4761.107659446954,91.09999999999991,113.10672039356061,0.0,1500.0
2020-07-30T16:00:00.0,4982.351379681877,40.09999999999991,0.0,0.0,1500.0
2020-07-30T17:00:00.0,5140.3333334,0.0,0.0,168.8761224197841,1331.123877580216
2020-07-30T18:00:00.0,5151.872109698728,0.0,0.0,500.0,831.123877580216
2020-07-30T19:00:00.0,5177.521468027925,0.0,0.0,448.41445756833025,382.70942001188575
2020-07-30T20:00:00.0,5140.3333334,0.0,0.0,382.70942001188575,0.0
2020-07-30T21:00:00.0,4747.77569541467,0.0,0.0,0.0,0.0
2020-07-30T22:00:00.0,4302.739895050451,0.0,0.0,0.0,0.0
2020-07-30T23:00:00.0,4122.170652181324,0.0,0.0,0.0,0.0
2020-07-31T00:00:00.0,3394.275929027089,0.0,0.0,0.0,0.0
2020-07-31T01:00:00.0,3036.9543916415037,0.0,0.0,0.0,0.0
2020-07-31T02:00:00.0,2768.261743699776,0.0,0.0,0.0,0.0
2020-07-31T03:00:00.0,2559.333332657,0.0,30.315938695740986,0.0,30.315938695740986
2020-07-31T04:00:00.0,2534.9027614196693,0.0,20.369402993451292,0.0,50.68534168919228
2020-07-31T05:00:00.0,2528.333332657,0.0,340.3889265254436,0.0,391.0742682146359
2020-07-31T06:00:00.0,2528.333332657,0.0,512.7967993759848,0.0,903.8710675906208
2020-07-31T07:00:00.0,2528.333332657,72.60000000000036,439.27909121272126,0.0,1343.150158803342
2020-07-31T08:00:00.0,2528.333332657,112.20000000000027,156.84984119665793,0.0,1500.0
2020-07-31T09:00:00.0,2647.830298390261,135.69999999999982,0.0,0.0,1500.0
2020-07-31T10:00:00.0,2903.7131746379373,149.9000000000001,0.0,0.0,1500.0
2020-07-31T11:00:00.0,3099.524469002419,157.09999999999945,0.0,0.0,1500.0
2020-07-31T12:00:00.0,3264.230553224215,154.70000000000027,0.0,0.0,1500.0
2020-07-31T13:00:00.0,3443.2766491913003,143.30000000000018,0.0,0.0,1500.0
2020-07-31T14:00:00.0,3584.14153337115,125.10000000000036,0.0,0.0,1500.0
2020-07-31T15:00:00.0,4268.703197717312,93.80000000000018,0.0,0.0,1500.0
2020-07-31T16:00:00.0,4449.110440743192,41.80000000000018,0.0,0.0,1500.0
2020-07-31T17:00:00.0,4571.817032502966,0.0,0.0,183.42051872854626,1316.5794812714537
2020-07-31T18:00:00.0,4631.0000002,0.0,0.0,493.66219123047256,822.9172900409812
2020-07-31T19:00:00.0,4749.600365895692,0.0,0.0,500.0,322.91729004098124
2020-07-31T20:00:00.0,4569.3333336,0.0,0.0,322.91729004098124,0.0
2020-07-31T21:00:00.0,4516.85047679322,0.0,0.0,0.0,0.0
2020-07-31T22:00:00.0,4111.887908094914,0.0,0.0,0.0,0.0
2020-07-31T23:00:00.0,3797.4836512936126,0.0,0.0,0.0,0.0
